tau delay,labjack reading
0.0001,0.015183785930275917
0.0004222222222222222,0.028436165302991867
0.0007444444444444445,0.006034655962139368
0.0010666666666666667,0.007768763694912195
0.001388888888888889,0.02378205582499504
0.0017111111111111112,0.007295464631170034
0.002033333333333333,0.003035771194845438
0.0023555555555555556,0.02535971999168396
0.0026777777777777776,0.028357282280921936
0.003,0.0039052122738212347
