tau delay,labjack reading
0.0001,4.848831653594971
0.0004222222222222222,4.8694987297058105
0.0007444444444444445,4.904838562011719
0.0010666666666666667,4.780045509338379
0.001388888888888889,5.004783630371094
0.0017111111111111112,4.930160045623779
0.002033333333333333,5.176591396331787
0.0023555555555555556,5.163969993591309
0.0026777777777777776,5.212404251098633
0.0029999999999999996,5.1947340965271
